id_spoti,id_lastfm,artist_name,listeners,popularity,genres,start_date,language
06HL4z0CvFAxyc27GXpf02,20244d07-534f-4eff-b4d4-930878889970,Taylor Swift,6112793,,"country, pop, country pop, alternative",2006,ENG
74KM79TiuVKeVCqs8QtB0B,1882fe91-cdd9-49c9-9956-8e06a3810bd4,Sabrina Carpenter,3405394,,"pop, rnb, electropop, country",2014,ENG
26VFTg2z8YR0cCuwLzESi2,3377f3bb-60fc-4403-aea9-7e800612e060,Halsey,2979399,,"pop, indie pop, indie, alternative, electronic, electropop, synthpop, pop rock",2014,ENG
66CXWjxzNUsdJxJ2JdwvnR,f4fdbb4c-e4b7-47a0-b83b-d91bbfcfa387,Ariana Grande,4698462,,"pop, rnb, dance, r&b, soul, dance-pop",2011,ENG
45dkTj5sMRSjrmBSBeiHym,f9133869-f87c-459c-9aa7-2f176cda7e06,Tate McRae,2382770,,"pop, electropop, electronic",2017,ENG
7ltDVBr6mKbRvohxheJ9h1,2ffc92fa-e51e-45ed-8a90-fa494aab50de,ROSALÍA,11313,,latin pop,2013,ESP
4q3ewBCX7sLwd24euuV69X,89aa5ecb-59ad-46f5-b3eb-2d424e941f19,Bad Bunny,2738135,,"reggaeton, trap, latin, trap latino, latin pop, rap, latin rap, pop rap",2016,ESP
52iwsT98xCoGgiGntTiR7K,ef9bb29f-f466-4e28-8064-32558f4bb2df,Quevedo,419817,,"reggaeton, rap, hip-hop, hip hop, dance pop",2020,ESP
0C8ZW7ezQVs4URX5aX7Kqx,e4bc69e2-a064-4f93-ada1-f7f209cc1cc3,Selena Gomez,3304230,,"pop, pop rock, dance, electropop, teen pop, rnb",2009,ENG
26dSoYclwsYLMAKD3tpOr4,45a663b5-b1cb-4a91-bff6-2bef7bbfdd76,Britney Spears,6642249,,"pop, dance, electronic",1998,ENG
1l7ZsJRRS8wlW3WfJfPfNS,b202beb7-99bd-47e7-8b72-195c8d72ebdd,Christina Aguilera,4609241,,"pop, soul, rnb, dance",1998,ENG
7eLcDZDYHXZCebtQmVFL25,a24f2bd3-0d1b-4c03-8d91-6297ab5a2811,Aitana,279049,,"pop, pop rock, rock, latin pop, electro-pop",2017,ESP
3bvfu2KAve4lPHrhEFDZna,,Lola Indigo,179975,,"pop, dance, latin pop, latin, reggaeton",2017,ESP
3fMbdgg4jU18AjLCKBhRSm,f27ec8db-af05-4f36-916e-3d57f91ecf5e,Michael Jackson,7205979,,"pop, dance, soul, funk, rock",1964,ENG
3MHaV05u0io8fQbZ2XPtlC,070d193a-845c-479f-980e-bef15710653e,Prince Royce,3560080,,"funk, pop, soul, rock, rnb",1975,ENG
19ra5tSw0tWufvUp8GotLo,ccb8f30e-4d71-40c4-8b1d-846dafe73e2c,George Michael,3388193,,"pop, soul, dance, funk",1981,ENG
72OaDtakiy6yFqkt4TsiFt,bfcc6d75-a6a5-4bc6-8282-47aec8531818,Cher,2262500,,"pop, dance, rock",1964,ENG
1HY2Jd0NmPuamShAr6KMms,650e7db6-b795-4eb5-a702-5ea2fc46c848,Lady Gaga,7932249,,"pop, dance, electronic, electropop",2005,ENG
0EmeFodog0BfCgMzAIvKQp,bf24ca37-25f4-4e34-9aec-460b94364cfc,Shakira,5085540,,"pop, latin, rock, dance",1990,ESP
2DlGxzQSjYe5N6G9nkYghR,f0602f55-1770-483d-89bd-4bae0d0ac086,Jennifer Lopez,3992160,,"pop, rnb, latin, dance, latin pop, r&b",1999,ENG
0TnOYISbd1XYRBk9myaseg,d262ea27-3ffe-40f7-b922-85c42d625e67,Pitbull,4596668,,"hip-hop, rap, reggaeton, hip hop, crunk, dance, pop, latin",2001,ENG
6M2wZ9GZgrQXHCFfjv46we,6f1a58bf-9b1b-49cf-a44a-6cefad7ae04f,Dua Lipa,3433086,,"pop, synthpop, electropop, dance-pop, nu-disco, dance, disco, dance pop",2014,ENG
1McMsnEElThX1knmY4oliG,6925db17-f35e-42f3-a4eb-84ee6bf5d4b0,Olivia Rodrigo,3365484,,"pop, pop rock, rock, indie pop, teen pop, pop punk, alt-pop",2019,ENG
711MCceyCBcFnzjGY4Q7Un,66c662b6-6e2f-4930-8610-912e24c63ed1,AC/DC,4678791,,"hard rock, classic rock, rock, heavy metal, metal, blues rock, rock and roll",1973,ENG
7Ey4PD4MYsKc5I2dolUwbH,3d2b98e5-556f-4451-a3ff-c50ea18d57cb,Aerosmith,4823683,,"hard rock, classic rock, rock, blues rock, heavy metal",1970,ENG
58lV9VcRSjABbAbfWS6skp,5dcdb5eb-cb72-4e6e-9e63-b7bace604965,Bon Jovi,4377301,,"rock, hard rock, classic rock, hair metal, glam metal, glam rock",1983,ENG
4dpARuHxo51G3z768sgnrY,cc2c9c3c-b7bc-4b8b-84d8-4fbd8779e493,Adele,5759661,,"soul, indie, pop, jazz",2006,ENG
6ogn9necmbUdCppmNnGOdi,4bdcee62-4902-4773-8cd1-e252e2e31225,Alanis Morissette,2895079,,"rock, alternative, pop, alternative rock, pop rock, post-grunge",1987,ENG
6jJ0s89eD6GaHleKKya26X,122d63fc-8671-43e4-9752-34e846d62a9c,Katy Perry,7398582,,"pop, pop rock, indie, rock, dance, electropop",2001,ENG
0p4nmQO2msCgU4IF37Wi3j,0103c1cc-4a09-4a5d-a344-56ad99a77193,Avril Lavigne,5294890,,"pop rock, pop, rock, pop punk, punk, alternative, alternative rock",1999,ENG
5rSXSAkZ67PYJSvpUpkOr7,2f569e60-0a1b-4fb9-95a4-3dc1525d1aad,Backstreet Boys,3160913,,"pop, dance, pop rock",1993,ENG
3WrFJ7ztbogyGnTHbHJFl2,b10bbbfc-cf9e-42e0-be17-e2c3e1d2600d,The Beatles,6672544,,"classic rock, rock, pop, psychedelic rock, psychedelic, pop rock",1960,ENG
6vWDO969PvNqNYHIOW5v0m,859d0860-d480-4efd-970c-c05d5f1776b8,Beyoncé,6556434,,"rnb, pop, soul, hip-hop, r&b, dance",1990,ENG
3eqjTLE0HfPfh78zjh6TqT,70248960-cb53-4ea4-943a-edb18f7d336f,Bruce Springsteen,3654828,,"rock, classic rock, folk, folk rock, heartland rock, americana",1964,ENG
0du5cEVh5yTK9QJze8zA0C,afb680f2-b6eb-4cd7-a70b-a63b25c763d5,Bruno Mars,5449731,,"pop, rnb, r&b, slow jams, soul, reggae",2004,ENG
7GlBOeep6PqTfFi59PTUUN,56a55378-f155-48de-80a5-d80104221267,Chappell Roan,2705777,,"pop, indie pop, synthpop, electropop, indie",2014,ENG
4gzpq5DPGxSnKTe4SA8HAU,cc197bad-dc9c-440d-a5b5-d52ba2e14234,Coldplay,9297985,,"rock, alternative, britpop, alternative rock, indie, pop, indie rock, pop rock",1997,ENG
3Nrfpe0tUJi4K4DXYWgMUX,0d79fe8e-ba27-4859-bb8c-2f255f346853,BTS,2577813,,"k-pop, kpop, pop, rap, hip hop, hip-hop, rnb, dance",2013,KOR
41MozSoPIsD1dJM0CLPjZF,48646387-1664-4c9a-9139-9bfd091b823c,BLACKPINK,2088567,,"k-pop, kpop, pop, dance, hip-hop",2016,KOR
3HqSLMAZ3g3d5poNaI7GOU,b9545342-1e6d-4dae-84ac-013374ad8d7c,IU,1125603,,"k-pop, kpop, pop, ballad",2008,KOR
5snNHNlYT2UrtZo5HCJkiw,57f1cdd6-cf32-4004-a095-3ef043c91b61,Epik High,419828,,"hip-hop, k-pop, hip hop, rap, kpop, k-hiphop, korean hip-hop",2001,KOR
57okaLdCtv3nVBSn5otJkp,,HYUKOH,311661,,"rock, indie, indie rock, k-indie, k-rock, indie pop",2014,KOR
5j4HeCoUlzhfWtjAfM1acR,ab2528d9-719f-4261-8098-21849222a0f2,Stromae,2114168,,"electronic, dance, electronica, house, pop, hip-hop, electro",2000,FRA
7IlRNXHjoOCgEAWN5qYksg,cf580d82-3f3e-4b86-8874-7e0fbe794f01,Aya Nakamura,588254,,"rnb, pop, hip-hop, rap, hip hop",2014,FRA
4FpJcNgOvIpSBeJgRg3OfN,6cad3ce5-6380-4594-a8da-ae7d273b683d,Orelsan,221922,,"rap, hip-hop, hip hop, rap francais, french rap",2002,FRA
4PwlsrN0t5mLN0C827cbEU,,L'Impératrice,716574,,"synthpop, funk, electronic, nu-disco, house, pop",2012,FRA
4tZwfgrHOc3mvqYlEYSvVi,056e4f3e-d505-4dad-8ec1-d04f521cbb56,Daft Punk,6465803,,"electronic, house, dance, techno, electronica, electro, french house, disco",1993,ENG
0lAWpj5szCSwM4rUMHYmrr,3862342a-43c4-4cdb-8250-bfdbfb5e1419,Måneskin,1976223,,"rock, glam rock, alternative rock, funk rock, pop rock, hard rock, pop",2016,ITA
06nvjg4wBANK6DCHjqtPNd,ecd032cc-19c8-4a05-902c-e539d3bc75fd,Mahmood,255248,,"pop, rnb, hip-hop",2012,ITA
2e4nwiX8ZCU09LGLOpeqTH,472b9953-1f10-4aed-b1ec-d0c23ffb2cf1,Laura Pausini,597671,,"pop, italian pop, latin, ballad, soft rock",1993,ITA
2ARH58Hit3yC6ziGdhma23,8d173bdf-c83e-42d7-8355-c8d6f0d10c0e,Elisa,346229,,"pop, rock, alternative",1996,ITA
0jdNdfi4vAuVi7a6cPDFBM,dc999240-731a-416d-bb87-816bf47b7984,Lazza,111855,,"rap, trap, hip-hop, alternative hip-hop, hip hop, italian rap, pop rap",2012,ITA
3HL1CyOnDLFJo1Rr8YBlKy,a56f5af0-3e87-4877-b68f-390f62903381,Mina,427852,,"pop, jazz",1958,ITA
4l0PmbNvFq3m5JaUuAPbcB,82462e70-bc00-43ba-8d96-734efa6e72ac,Caparezza,160456,,"rap, hip-hop, italian rap, hip hop, alternative rap, alternative, rock, alternative rock",1995,ITA
2uFUBdaVGtyMqckSeCl0Qj,fa34b363-79df-434f-a5b8-be4e6898543f,Ludovico Einaudi,1848312,,"classical, contemporary classical, instrumental, ambient, neoclassical, minimalism, modern classical, neo-classical",1988,INSTR
1uQWmt1OhuHGRKmZ2ZcL6p,4236acde-2ce2-441c-a3d4-38d55f1b5474,Explosions In The Sky,1463083,,"post-rock, instrumental, ambient, post rock, atmospheric, indie, rock, alternative",1999,INSTR
3Rq3YOF9YG9YfCWD4D56RZ,1595addf-f76b-450a-a097-af852ff35f27,Nujabes,1259806,,"hip-hop, jazz hop, chillout, trip-hop, jazz, instrumental hip-hop, hip hop, instrumental, electronic",1996,INSTR
2VZNmg4vCnew4Pavo8zDdW,509f20b2-5df3-4aec-9bbc-002131fb3f99,Max Richter,1549077,,"ambient, contemporary classical, neoclassical, classical, electronic, modern classical, minimalism, instrumental, post-classical",1994,INSTR
7E3BRXV9ZbCt5lQTCXMTia,6655955b-1c1e-4bcb-84e4-81bcd9efab30,Ólafur Arnalds,1227146,,"ambient, instrumental, post-rock, classical, contemporary classical, neoclassical, modern classical, neo-classical",2006,INSTR
0cmWgDlu9CwTgxPhf403hb,9a709693-b4f8-4da9-8cc1-038c911a61be,Bonobo,2116802,,"downtempo, electronic, trip-hop, chillout, electronica, ambient electronic, lounge, ambient",1999,INSTR
48X5F0qQKZ4by158P2Zbw5,3648db01-b29d-4ab9-835c-83f6a5068fe4,Godspeed,977516,,"post-rock, instrumental, ambient, post rock, drone, experimental rock, avant-garde, atmospheric",1994,INSTR
6kBDZFXuLrZgHnvmPu9NsG,f22942a1-6f70-4f48-866e-238cb2308fbd,Aphex Twin,3112372,,"electronic, idm, ambient, electronica, techno, ambient techno, acid techno, acid",1985,INSTR
43ZHCT0cAZBISjO8DG9PnE,01809552-4f87-45b0-afff-2c6f0730a3be,Elvis Presley,4603549,,"rock n roll, classic rock, rock, rock and roll, rockabilly, country",1954,ENG
6S2OmqARrzebs0tKUEyXyp,faf4cefb-036c-4c88-b93a-5b03dd0a0e6b,Demi Lovato,3580288,,"pop, pop rock, rock, teen pop, dance",2008,ENG
0ECwFtbIWEVNwjlrfc6xoL,f46bd570-5768-462e-b84c-c7c993bbf47e,Eagles,3964151,,"classic rock, rock, soft rock, country, country rock, folk rock, southern rock",1971,ENG
6eUKZXaKkcviH0Ku9w2n3V,b8a7c51f-362c-4dcb-a259-bc6e0095f0a6,Ed Sheeran,4346199,,"pop, grime, folk, indie, alternative",2004,ENG
61J0BktHv7PuP3tjTPYXSX,3ab7295a-54ac-40e8-b1b2-3d110a143550,Eros Ramazzotti,623349,,"pop, italian pop, pop rock",1981,ITA
4tuJ0bMpJh08umKkEXKUI5,f7441bc7-d7de-4813-a2fc-31a4033d396d,Gracie Abrams,1929296,,"pop, indie pop, indie, folk",2019,ENG
00FQb4jTyendYWaN8pK0wa,b7539c32-53e7-4908-bda3-81449c367da6,Lana Del Rey,5443671,,"indie, indie pop, pop, alternative, dream pop, trip-hop",2005,ENG
6tbjWDEIzxoDsBA1FuhfPW,79239441-bfd5-4981-a70c-55c3f15c1287,Madonna,5874150,,"pop, dance, electronic",1979,ENG
6XpaIBNiVzIetEPCWDvAFP,0307edfc-437c-4b48-8700-80680e66a228,Whitney Houston,3326262,,"pop, soul, rnb, dance",1977,ENG
5pKCCKE2ajJHZ9KAiaK11H,73e5e69d-3554-40d8-8516-00cb38737a1c,Rihanna,8516768,,"pop, rnb, dance, hip-hop, r&b, hip hop, reggae",2003,ENG
5YGY8feqx7naU7z4HrwZM6,7e9bd05a-117f-4cce-87bc-e011527a8b18,Miley Cyrus,4990241,,"pop, dance, pop rock",2006,ENG
1Xyo4u8uXC1ZmMpatF05PJ,c8b03190-306c-4120-bb0b-6f2ebfc06ea9,The Weeknd,5527674,,"rnb, electronic, dubstep, pop, r&b, soul, hip-hop",2009,ENG
790FomKkXshlbRYZFtlgla,de22adae-f8ac-414f-b653-b0162611bd60,KAROL G,1541508,,"reggaeton, latin, pop, latin pop, trap latino, reggaeton colombiano, dancehall",2007,ESP
7okwEbXzyT2VffBmyQBWLz,55441123-89a2-49ab-ae3f-df7a3e86835a,Maná,910185,,"rock, latin, latin rock, rock en espanol, pop",1986,ESP
3BmGtnKgCSGYIUhmivXKWX,d339efbb-77b9-4147-ba9e-59f2f24550b2,Kelly Clarkson,4625255,,"pop, pop rock, rock, alternative",2002,ENG
32vWCbZh0xZ4o9gkz4PsEU,1d543e07-d0d2-4834-a8db-d65c50c2a856,Dolly Parton,2379074,,"country, folk, pop",1956,ENG
6kACVPfCOnqzgfEF5ryl0x,d43d12a1-2dc9-4257-a2fd-0a3bb1081b86,Johnny Cash,4171509,,"country, folk, classic rock, rock, rockabilly, americana",1954,ENG
5e4Dhzv426EvQe3aDb64jL,faabb55d-3c9e-4c23-8779-732ac2ee2c0d,Shania Twain,1937792,,"country, pop, country pop",1983,ENG
70kkdajctXSbqSMJbQO424,d1393ecb-431b-4fde-a6ea-d769f2f040cb,Kacey Musgraves,1191291,,"country, pop, country pop, americana",2002,ENG
6roFdX1y5BYSbp60OTJWMd,7e5cfc9a-e9e1-46f1-b81a-861b12049488,Tim McGraw,1211518,,country,1990,ENG
2ye2Wgw4gimLv2eAKyk1NB,65f4f0c5-ef9e-490c-aee3-909e7ae6b2ab,Metallica,5310887,,"heavy metal, metal, hard rock, rock",1981,ENG
7oPftvlwr6VrsViSDV7fJY,084308bd-1654-436f-ba03-df6697104e19,Green Day,6763441,,"rock, punk, pop punk, alternative, alternative rock, pop",1987,ENG
1co4F2pPNH8JjTutZkmgSm,d6ed7887-a401-47a8-893c-34b967444d26,Ramones,2812133,,"punk, classic rock, rock, pop punk",1974,ENG
74ASZWbe4lXaubB36ztrGX,72c536dc-7137-4477-a521-567eeb840fa8,Bob Dylan,4382059,,"folk, classic rock, folk rock, rock, country",1959,ENG
5hW4L92KnC6dX9t7tYM4Ve,a6de8ef9-b1a1-4756-97aa-481bbb8a4069,Joni Mitchell,1767907,,"folk, folk rock, jazz, classic rock",1964,ENG
7nwUJBm0HE4ZxD3f5cy5ok,2f9ecbed-27be-40e6-abca-6de49d50299e,Aretha Franklin,2964896,,"soul, jazz, rnb",1956,ENG
7guDJrEfX3qb6FEbdPA5qi,1ee18fb3-18a6-4c7f-8ba0-bc41cdd0462e,Stevie Wonder,4093630,,"soul, funk, pop, rnb, rock",1961,ENG
2h93pZq0e7k5yf4dywlkpM,e520459c-dff4-491d-a6e4-c97be35e0044,Frank Ocean,4420352,,"rnb, soul, hip-hop, r&b, hip hop, pop",2005,ENG
2YZyLoL8N0Wb9xBt1NhZWg,381086ea-f511-4aba-bdf9-71c753dc5077,Kendrick Lamar,5276111,,"hip-hop, rap, hip hop",2003,ENG
7dGJo4pcD2V6oG8kP0tJRR,b95ce3ff-3d05-4e87-9e01-c97b66af13d4,Eminem,7952564,,"rap, hip-hop, hip hop, pop",1988,ENG
0kbYTNQb4Pb1rPbbaF0pT4,561d854a-6a28-4aa7-8c99-323e6ce46c2a,Miles Davis,2437041,,"jazz, instrumental",1944,INSTR
5V0MlUE1Bft0mbLlND7FJz,54799c0e-eb45-4eea-996d-c4d71a63c499,Ella Fitzgerald,2997203,,"jazz, vocal jazz",1934,ENG
7G1GBhoKtEPnP86X2PvEYO,2944824d-4c26-476f-a981-be849081942f,Nina Simone,3047403,,"jazz, soul, vocal jazz",1954,ENG
2QsynagSdAqZj3U9HgDzjD,c33627c6-ef0d-49de-9ef0-c4804190040f,Bob Marley & The Wailers,2273028,,"reggae, rock",1962,ENG
0dmPX6ovclgOy8WWJaFEUU,5700dcd4-c139-4f31-aa3e-6382b9af9032,Kraftwerk,1417990,,"electronic, synthpop, electronica, electro, techno",1970,GER
0oea1hwGMfUxZbLxJc1XUN,7db6aae5-6644-4513-9bfc-ca2e79d4469c,Peter Tosh,864883,,reggae,1963,ENG
3rJ3m1tM6vUgiWLjfV8sRf,2caa54a7-b08c-41da-b892-3a41abe778be,Jimmy Cliff,963417,,"reggae, soul",1962,ENG
6ZFv3wQwwWPiVDWhv0mjQK,,Toots & The Maytals,413107,,"reggae, soul",1962,ENG
